{
  "eval_data_size": 5301,
  "num_training_files": 11,
  "baseline_eval_loss": 2.9002234220189926,
  "results": [
    {
      "rank": 1,
      "train_file": "backtest/hf_datajsonl/Brent123456_FlockOff_HK_08_079e2235b71461bfa7a01dc5f170516b7ecc8562.jsonl",
      "train_size": 250,
      "scores": {
        "coverage_score": 0.637478802066372,
        "difficulty_score": 0.522782711192688,
        "consistency_score": 0.7440364433317491,
        "overall_score": 0.63503726718388
      },
      "improvement": {
        "estimated_final_loss": 2.596986089293468,
        "estimated_improvement": 0.30323733272552467,
        "difficulty_ratio": 1.045565422385376,
        "train_avg_loss": 3.032373327255249,
        "train_avg_perplexity": 22.146212178142623
      },
      "coverage": {
        "keyword_overlap": 0.09588599432550941,
        "system_ratio_diff": 0.0,
        "length_kl_divergence": 0.0029271956789183456
      }
    },
    {
      "rank": 2,
      "train_file": "backtest/hf_datajsonl/policewoman_Streetgirl10_2d5251db5275a723c029ace8f75fe31c7b9ab91a.jsonl",
      "train_size": 250,
      "scores": {
        "coverage_score": 0.6360968711542543,
        "difficulty_score": 0.5246688757983382,
        "consistency_score": 0.7381977634474375,
        "overall_score": 0.6332987402354344
      },
      "improvement": {
        "estimated_final_loss": 2.59589202954005,
        "estimated_improvement": 0.3043313924789426,
        "difficulty_ratio": 1.0493377515966764,
        "train_avg_loss": 3.0433139247894285,
        "train_avg_perplexity": 22.457907718536344
      },
      "coverage": {
        "keyword_overlap": 0.09356461181325768,
        "system_ratio_diff": 0.0,
        "length_kl_divergence": 0.004449623342908802
      }
    },
    {
      "rank": 3,
      "train_file": "backtest/hf_datajsonl/shining02_EvalD_105058_f94561c85af952989e367263be2ee3b029d0cb5a.jsonl",
      "train_size": 250,
      "scores": {
        "coverage_score": 0.6363543424114457,
        "difficulty_score": 0.5188473657248015,
        "consistency_score": 0.7412565419742276,
        "overall_score": 0.632572909274287
      },
      "improvement": {
        "estimated_final_loss": 2.5992687655134077,
        "estimated_improvement": 0.30095465650558495,
        "difficulty_ratio": 1.037694731449603,
        "train_avg_loss": 3.0095465650558473,
        "train_avg_perplexity": 21.69630166547977
      },
      "coverage": {
        "keyword_overlap": 0.09195254062419396,
        "system_ratio_diff": 0.0,
        "length_kl_divergence": 0.001424271792480919
      }
    },
    {
      "rank": 4,
      "train_file": "backtest/hf_datajsonl/Brent123456_FlockOff_HK_22_f845249fd5d325651c38067239114cd2aa0e25b7.jsonl",
      "train_size": 250,
      "scores": {
        "coverage_score": 0.6364033109741314,
        "difficulty_score": 0.520856484828887,
        "consistency_score": 0.7383617186725231,
        "overall_score": 0.6323267854400756
      },
      "improvement": {
        "estimated_final_loss": 2.598103386656749,
        "estimated_improvement": 0.30212003536224374,
        "difficulty_ratio": 1.041712969657774,
        "train_avg_loss": 3.0212003536224366,
        "train_avg_perplexity": 21.99707978223991
      },
      "coverage": {
        "keyword_overlap": 0.0945318545266959,
        "system_ratio_diff": 0.0,
        "length_kl_divergence": 0.004720279145103647
      }
    },
    {
      "rank": 5,
      "train_file": "backtest/hf_datajsonl/FluxSphere_FFQYr4jLzvoO7wNz_99c4c797c8b6aee68623a1d81f6301e201551781.jsonl",
      "train_size": 250,
      "scores": {
        "coverage_score": 0.6354447209911938,
        "difficulty_score": 0.5246661618174392,
        "consistency_score": 0.7309339253013163,
        "overall_score": 0.6308579145321042
      },
      "improvement": {
        "estimated_final_loss": 2.595893603770244,
        "estimated_improvement": 0.30432981824874883,
        "difficulty_ratio": 1.0493323236348784,
        "train_avg_loss": 3.043298182487488,
        "train_avg_perplexity": 22.551433547743176
      },
      "coverage": {
        "keyword_overlap": 0.09717565127676038,
        "system_ratio_diff": 0.0,
        "length_kl_divergence": 0.01155035235994534
      }
    },
    {
      "rank": 6,
      "train_file": "backtest/hf_datajsonl/sharkAI333_my_repo_6_7fba2ef48deffd611fedc848f336c61a9fc676e8.jsonl",
      "train_size": 250,
      "scores": {
        "coverage_score": 0.6371935169391716,
        "difficulty_score": 0.5163596368208031,
        "consistency_score": 0.7365599240699491,
        "overall_score": 0.6307532750428944
      },
      "improvement": {
        "estimated_final_loss": 2.6007117594404097,
        "estimated_improvement": 0.29951166257858297,
        "difficulty_ratio": 1.0327192736416062,
        "train_avg_loss": 2.9951166257858275,
        "train_avg_perplexity": 21.402973780575625
      },
      "coverage": {
        "keyword_overlap": 0.094660820221821,
        "system_ratio_diff": 0.0,
        "length_kl_divergence": 0.002241048232325696
      }
    },
    {
      "rank": 7,
      "train_file": "backtest/hf_datajsonl/JokerJokerJoker_KingOfHell13_42e787c1c85259cde3967c4ec440e518daa84cee.jsonl",
      "train_size": 250,
      "scores": {
        "coverage_score": 0.634683286966999,
        "difficulty_score": 0.522712076169248,
        "consistency_score": 0.7321663912097907,
        "overall_score": 0.6303368550005112
      },
      "improvement": {
        "estimated_final_loss": 2.5970270607633466,
        "estimated_improvement": 0.3031963612556461,
        "difficulty_ratio": 1.045424152338496,
        "train_avg_loss": 3.0319636125564573,
        "train_avg_perplexity": 22.317103411549514
      },
      "coverage": {
        "keyword_overlap": 0.09285530049006964,
        "system_ratio_diff": 0.0,
        "length_kl_divergence": 0.008263842128848814
      }
    },
    {
      "rank": 8,
      "train_file": "backtest/hf_datajsonl/mama-chen_IronLady14_c282d72a1cd6cc0702da2f67c84e10e234656a83.jsonl",
      "train_size": 250,
      "scores": {
        "coverage_score": 0.6344113850685138,
        "difficulty_score": 0.5159411489237978,
        "consistency_score": 0.7372227181178773,
        "overall_score": 0.6297137141399081
      },
      "improvement": {
        "estimated_final_loss": 2.600954501120555,
        "estimated_improvement": 0.2992689208984376,
        "difficulty_ratio": 1.0318822978475957,
        "train_avg_loss": 2.992689208984375,
        "train_avg_perplexity": 21.340817994775083
      },
      "coverage": {
        "keyword_overlap": 0.09459633737425845,
        "system_ratio_diff": 0.0,
        "length_kl_divergence": 0.011555844979797288
      }
    },
    {
      "rank": 9,
      "train_file": "backtest/hf_datajsonl/DriftVale_i5AxxDccqFxXcq2l_3784cf687388c948ca2d676e1149cc339389e80d.jsonl",
      "train_size": 250,
      "scores": {
        "coverage_score": 0.6376702526347804,
        "difficulty_score": 0.5145194855934992,
        "consistency_score": 0.7290977648693607,
        "overall_score": 0.6281532761927702
      },
      "improvement": {
        "estimated_final_loss": 2.601779129378307,
        "estimated_improvement": 0.29844429264068584,
        "difficulty_ratio": 1.0290389711869985,
        "train_avg_loss": 2.98444292640686,
        "train_avg_perplexity": 21.32171490695622
      },
      "coverage": {
        "keyword_overlap": 0.09749806551457313,
        "system_ratio_diff": 0.0,
        "length_kl_divergence": 0.004449623342908802
      }
    },
    {
      "rank": 10,
      "train_file": "backtest/hf_datajsonl/Brent123456_FlockOff_JI_15_be2e0adf40b3f926a4ca0aa3392f19497c794e84.jsonl",
      "train_size": 250,
      "scores": {
        "coverage_score": 0.6371043464119767,
        "difficulty_score": 0.5162669545457337,
        "consistency_score": 0.727400381144449,
        "overall_score": 0.6279419392718455
      },